{
  "name": "Easy Hide Login",
  "slug": "easy-hide-login",
  "description": "Hide / file, prevent attacks on login form, hide login & increase security. No files are changed.",
  "version": "1.2.1",
  "author": "Ablie Kassama",
  "email": "ablie@example.com",
  "load": "view",
  "author_url": "https://github.com/akassama",
  "plugin_url": "https://github.com/akassama/igniter-cms-hide-login",
  "icon_url": "https://ps.w.org/easy-hide-login/assets/icon-256x256.png",
  "license": "MIT",
  "requires": {
    "php": ">=8.0",
    "codeigniter": ">=4.3"
  }
}
